FrameID,SolidPlane,LayerRadius,h,ContactAngle,Time/ps,Contact angle/°,Radius/Å,E_adh/(eV/Å²),Normalized MSI descriptor,Chemical potential(D)/(kJ/mol),E_adh/(J/m²)
0,26.0,15.13,13.91,85.16,0,85.16,15.13,-0.10843735061386828,-0.5421867530693414,19.372576341310225,-1.7371663568341698
1,26.0,15.13,13.91,85.16,1,85.16,15.13,-0.10843735061386828,-0.5421867530693414,19.372576341310225,-1.7371663568341698
2,26.0,14.49,14.52,90.11,2,90.11,14.49,-0.09980801390022,-0.49904006950109997,21.18355225169904,-1.5989243826815243
3,26.0,14.19,14.8,92.44,3,92.44,14.19,-0.09574268372116206,-0.47871341860581024,22.09364299474998,-1.533797793213016
4,26.0,14.27,14.72,91.79,4,91.79,14.27,-0.0968763688203136,-0.484381844101568,21.841695197267654,-1.5519594285014238
5,26.0,14.06,14.91,93.37,5,93.37,14.06,-0.09412163116813996,-0.47060815584069976,22.4853183069478,-1.5078285313136022
6,26.0,14.18,14.79,92.41,6,92.41,14.18,-0.09579499670793178,-0.47897498353965884,22.10434390217502,-1.534635847261067
7,26.0,14.04,14.9,93.42,7,93.42,14.04,-0.09403451786098294,-0.4701725893049147,22.528501502384465,-1.5064329761329467
8,26.0,14.37,14.58,90.85,8,90.85,14.37,-0.09851652455258618,-0.49258262276293086,21.507087028775945,-1.5782347233324305
9,26.0,13.97,14.97,93.97,9,93.97,13.97,-0.0930765859109372,-0.46538292955468596,22.752469307541187,-1.491086906293214
10,26.0,14.09,14.86,93.05,10,93.05,14.09,-0.09467925951262639,-0.4733962975631319,22.37425794814929,-1.5167617373922746
11,26.0,14.03,14.94,93.61,11,93.61,14.03,-0.09370352929035855,-0.4685176464517927,22.581604368524825,-1.501130539231544
12,26.0,14.12,14.76,92.53,12,92.53,14.12,-0.09558575182122331,-0.47792875910611654,22.22576116037649,-1.5312837441759974
13,26.0,13.97,14.88,93.63,13,93.63,13.97,-0.09366869235287333,-0.4683434617643666,22.68736365622446,-1.5005724514930305
14,26.0,14.03,14.8,93.08,14,93.08,14.03,-0.0946269745354798,-0.47313487267739895,22.480522294218893,-1.5159241320583865
15,26.0,14.15,14.68,92.13,15,92.13,14.15,-0.09628330492169895,-0.48141652460849477,22.1005923861895,-1.5424585448456172
16,26.0,13.95,14.88,93.66,16,93.66,13.95,-0.09361643839444188,-0.46808219197220935,22.72730428213038,-1.4997353430789588
17,26.0,14.04,14.81,93.03,17,93.03,14.04,-0.09471411697533738,-0.4735705848766869,22.454166960937275,-1.5173201539449048
18,26.0,13.94,14.93,93.93,18,93.93,13.94,-0.09314623324151777,-0.46573116620758886,22.796259181995627,-1.4922026565291147
19,26.0,13.95,14.87,93.65,19,93.65,13.95,-0.09363385618683873,-0.4681692809341936,22.72538620559053,-1.5000143761131564
20,26.0,14.01,14.77,93.01,20,93.01,14.01,-0.0947489750821172,-0.47374487541058596,22.5008707728997,-1.5178785808155175
21,26.0,13.96,14.72,93.03,21,93.03,13.96,-0.09471411697533738,-0.4735705848766869,22.58940674095354,-1.5173201539449048
22,26.0,13.97,14.69,92.88,22,92.88,13.97,-0.09497556818202306,-0.47487784091011526,22.54366482773568,-1.5215086022760094
23,26.0,14.03,14.66,92.54,23,92.54,14.03,-0.0955683156086988,-0.477841578043494,22.37748130850473,-1.5310044160513547
24,26.0,14.12,14.5,91.54,24,91.54,14.12,-0.09731251656594808,-0.48656258282974035,22.038011719531028,-1.5589465153864883
25,26.0,14.01,14.63,92.47,25,92.47,14.01,-0.09569037190155974,-0.47845185950779867,22.3976691046558,-1.532959757862987
26,26.0,14.04,14.56,92.09,26,92.09,14.04,-0.09635307075584748,-0.48176535377923735,22.274898219772,-1.5435761935086767
27,26.0,14.0,14.69,92.78,27,92.78,14.0,-0.09514988822871193,-0.4757494411435596,22.4737765390341,-1.524301209423965
28,26.0,14.12,14.52,91.58,28,91.58,14.12,-0.09724272927253025,-0.48621364636265124,22.04559962364903,-1.5578285229459345
29,26.0,13.98,14.59,92.42,29,92.42,13.98,-0.09577755891687523,-0.47888779458437614,22.438600744528095,-1.5343564938483412
30,26.0,13.97,14.67,92.79,30,92.79,13.97,-0.09513245555043837,-0.4756622777521918,22.526414121476435,-1.5240219379180227
31,26.0,14.07,14.45,91.53,31,91.53,14.07,-0.09732996359529476,-0.4866498179764738,22.118387296069862,-1.559226016796622
32,26.0,14.07,14.51,91.77,32,91.77,14.07,-0.0969112585614888,-0.484556292807444,22.164082655210375,-1.5525183621550505
33,26.0,14.15,14.42,91.1,33,91.1,14.15,-0.09808025576003104,-0.4904012788001552,21.905646763295245,-1.5712456972756972
34,26.0,14.18,14.39,90.85,34,90.85,14.18,-0.09851652455258618,-0.49258262276293086,21.809749810709278,-1.5782347233324305
35,26.0,14.16,14.46,91.22,35,91.22,14.16,-0.0978708592105126,-0.489354296052563,21.9120984602108,-1.5678911645524118
36,26.0,14.42,14.11,88.74,36,88.74,14.42,-0.10219893760925053,-0.5109946880462526,21.037182957043107,-1.6372269805001933
37,26.0,14.31,14.26,89.77,37,89.77,14.31,-0.10040142464984639,-0.5020071232492319,21.39966848895663,-1.608430822890539
38,26.0,14.11,14.48,91.48,38,91.48,14.11,-0.09741719995140813,-0.48708599975704064,22.043028163564582,-1.5606235432215583
39,26.0,14.08,14.49,91.63,39,91.63,14.08,-0.09715549704954735,-0.48577748524773673,22.12090997823378,-1.5564310627337485
40,26.0,14.09,14.36,91.07,40,91.07,14.09,-0.0981326062490625,-0.49066303124531246,21.997939070270643,-1.5720843521099812
41,26.0,14.07,14.41,91.36,41,91.36,14.07,-0.09762657510459781,-0.488132875522989,22.08601660943251,-1.5639777331756568
42,26.0,14.1,14.45,91.42,42,91.42,14.1,-0.09752188616922515,-0.48760943084612574,22.04805171764995,-1.562300616430987
43,26.0,14.14,14.43,91.15,43,91.15,14.14,-0.0979930061216411,-0.48996503060820545,21.931391556732667,-1.5698479580686904
44,26.0,14.38,14.14,89.04,44,89.04,14.38,-0.10167543768689813,-0.5083771884344906,21.15444152564391,-1.628840511744108
45,26.0,14.18,14.25,90.25,45,90.25,14.18,-0.09956366907152536,-0.49781834535762676,21.69640076348342,-1.5950099785258363
46,26.0,14.25,14.25,89.97,46,89.97,14.25,-0.10005235987516736,-0.5002617993758368,21.53186841933766,-1.6028388052001812
47,26.0,14.34,14.21,89.49,47,89.49,14.34,-0.10089010616440958,-0.5044505308220478,21.30039621621856,-1.6162595007538414
48,26.0,14.2,14.32,90.47,48,90.47,14.2,-0.09917970445124785,-0.4958985222562392,21.705810636234798,-1.5888588653089906
49,26.0,14.2,14.33,90.52,49,90.52,14.2,-0.09909244124813249,-0.4954622062406624,21.715242544285513,-1.5874609087950824
50,26.0,14.24,14.26,90.1,50,90.1,14.24,-0.09982546716341019,-0.49912733581705093,21.5721972127245,-1.5992039839578311
51,26.0,14.19,14.28,90.37,51,90.37,14.19,-0.0993542326650956,-0.496771163325478,21.702997144314903,-1.5916548072948316
52,26.0,14.12,14.45,91.31,52,91.31,14.12,-0.09771381787716008,-0.48856908938580035,21.994378620684888,-1.5653753623921043
53,26.0,14.13,14.44,91.25,53,91.25,14.13,-0.0978185114965439,-0.48909255748271946,21.96665358143501,-1.5670525541746332
54,26.0,14.18,14.39,90.84,54,90.84,14.18,-0.09853397594703393,-0.4926698797351696,21.80786076970525,-1.5785142946714836
55,26.0,14.2,14.4,90.82,55,90.82,14.2,-0.09856887886937082,-0.4928443943468541,21.771832172433424,-1.5790734394873205
56,26.0,14.21,14.38,90.66,56,90.66,14.21,-0.09884810816842478,-0.4942405408421239,21.725584188368842,-1.583546692858165
57,26.0,14.2,14.3,90.38,57,90.38,14.2,-0.0993367797464183,-0.49668389873209146,21.68883303641958,-1.5913752115376212
58,26.0,14.5,14.05,88.16,58,88.16,14.5,-0.10321085385817817,-0.5160542692908908,20.80840943488313,-1.6534378788080142
59,26.0,14.3,14.25,89.81,59,89.81,14.3,-0.10033161195010593,-0.5016580597505296,21.422869433599658,-1.6073124234406968
60,26.0,14.57,13.93,87.45,60,87.45,14.57,-0.10444912046882888,-0.5222456023441444,20.573270649939687,-1.6732749099106388
61,26.0,14.38,14.12,88.96,61,88.96,14.38,-0.10181504274994949,-0.5090752137497474,21.13955044453646,-1.6310769848541906
62,26.0,14.15,14.37,90.87,62,90.87,14.15,-0.09848162189978994,-0.4924081094989497,21.86210379569988,-1.577675582834635
63,26.0,14.33,14.15,89.29,63,89.29,14.33,-0.10123915205480334,-0.5061957602740167,21.27863209113912,-1.6218512159179495
64,26.0,14.21,14.34,90.52,64,90.52,14.21,-0.09909244124813249,-0.4954622062406624,21.69919478260756,-1.5874609087950824
65,26.0,14.45,14.12,88.65,65,88.65,14.45,-0.10235597648336102,-0.511779882416805,20.974686785445602,-1.6397427432634435
66,26.0,14.3,14.27,89.87,66,89.87,14.3,-0.10022689260808398,-0.5011344630404199,21.43410500680791,-1.6056348195815053
67,26.0,14.37,14.23,89.44,67,89.44,14.37,-0.10097736881992492,-0.5048868440996246,21.24440746309746,-1.617657448495197
68,26.0,14.4,14.15,88.99,68,88.99,14.4,-0.10176269125135717,-0.5088134562567859,21.11431254154702,-1.6302383138467418
69,26.0,14.48,13.98,87.99,69,87.99,14.48,-0.1035073922774523,-0.5175369613872615,20.807164469238323,-1.6581884242847857
70,26.0,14.27,14.28,90.05,70,90.05,14.27,-0.0999127335484765,-0.4995636677423825,21.515197721247244,-1.6006019914465937
71,26.0,14.14,14.36,90.87,71,90.87,14.14,-0.09848162189978994,-0.4924081094989497,21.878343769893004,-1.577675582834635
72,26.0,14.22,14.28,90.26,72,90.26,14.22,-0.09954621595188247,-0.49773107975941233,21.63419653116078,-1.5947303795491572
73,26.0,14.48,14.02,88.13,73,88.13,14.48,-0.10326318629582593,-0.5163159314791296,20.83302413939572,-1.6542762444591312
74,26.0,14.25,14.27,90.1,74,90.1,14.25,-0.09982546716341019,-0.49912733581705093,21.55630193609141,-1.5992039839578311
75,26.0,14.06,14.41,91.4,75,91.4,14.06,-0.0975567821847347,-0.48778391092367346,22.110143078589306,-1.5628596505994499
76,26.0,14.25,14.25,90.02,76,90.02,14.25,-0.099965093415669,-0.499825467078345,21.541265929216582,-1.6014407965190174
77,26.0,14.2,14.39,90.75,77,90.75,14.2,-0.09869104044286556,-0.49345520221432776,21.758628248128588,-1.5810304678947062
78,26.0,14.23,14.31,90.32,78,90.32,14.23,-0.0994414975429172,-0.49720748771458595,21.62952566168358,-1.5930527906375336
79,26.0,14.3,14.18,89.53,79,89.53,14.3,-0.10082029554875216,-0.5041014777437608,21.370437473636503,-1.6151411346910096
80,26.0,14.17,14.3,90.52,80,90.52,14.17,-0.09909244124813249,-0.4954622062406624,21.763528237421202,-1.5874609087950824
81,26.0,14.15,14.35,90.83,81,90.83,14.15,-0.09855142738613937,-0.4927571369306968,21.85453081499972,-1.5787938667259527
82,26.0,14.36,14.14,89.13,82,89.13,14.36,-0.10151837810021005,-0.5075918905010502,21.202144435338866,-1.626324417165365
83,26.0,14.48,13.88,87.59,83,87.59,14.48,-0.10420500329206822,-0.521025016460341,20.733292442779387,-1.669364152738933
84,26.0,14.2,14.3,90.4,84,90.4,14.2,-0.09930187397020383,-0.4965093698510191,21.692605853138886,-1.5908160210026654
85,26.0,14.24,14.16,89.67,85,89.67,14.24,-0.10057595546879966,-0.5028797773439982,21.491319383260937,-1.6112268066101705
86,26.0,14.29,14.14,89.4,86,89.4,14.29,-0.10104717841162457,-0.5052358920581228,21.36177741590008,-1.6187757981542255
87,26.0,14.36,14.07,88.82,87,88.82,14.36,-0.10205934293200697,-0.5102967146600348,21.144357651915723,-1.6349906737707516
88,26.0,14.32,14.11,89.12,88,89.12,14.32,-0.1015358293574953,-0.5076791467874765,21.262446510418624,-1.6266039863070747
89,26.0,14.2,14.27,90.27,89,90.27,14.2,-0.09952876284606267,-0.49764381423031334,21.668082400659134,-1.5944507807939239
90,26.0,14.19,14.19,89.97,90,89.97,14.19,-0.10005235987516736,-0.5002617993758368,21.62748370065842,-1.6028388052001812
91,26.0,14.29,14.12,89.33,91,89.33,14.29,-0.10116934394852461,-0.5058467197426231,21.34866037143538,-1.6207328900553644
92,26.0,14.27,14.21,89.75,92,89.75,14.27,-0.10043633092847466,-0.5021816546423733,21.45889578181465,-1.6089900214741641
93,26.0,14.35,14.08,88.94,93,88.94,14.35,-0.10184994347345017,-0.5092497173672508,21.182209047693075,-1.6316360944446717
94,26.0,14.25,14.1,89.39,94,89.39,14.25,-0.1010646307311314,-0.5053231536556569,21.422859466485104,-1.6190553843127249
95,26.0,14.17,14.18,90.04,95,90.04,14.17,-0.09993018683559124,-0.49965093417795614,21.672778542080213,-1.6008815931061715
96,26.0,14.21,14.22,90.07,96,90.07,14.21,-0.0998778269827535,-0.4993891349137675,21.61436851653327,-1.6000427882637112
97,26.0,14.38,14.04,88.63,97,88.63,14.38,-0.10239087323514473,-0.5119543661757237,21.07812904425365,-1.6403017892270186
98,26.0,14.27,14.16,89.54,98,89.54,14.27,-0.10080284283103964,-0.5040142141551982,21.419485097713036,-1.614861542153255
99,26.0,14.21,14.17,89.86,99,89.86,14.21,-0.10024434585213451,-0.5012217292606725,21.57478232879793,-1.6059144205511948
100,26.0,14.22,14.17,89.8,100,89.8,14.22,-0.10034906514152238,-0.5017453257076119,21.547548143673193,-1.6075920235671886
101,26.0,14.33,14.09,89.03,101,89.03,14.33,-0.10169288850398978,-0.5084644425199488,21.230056674660513,-1.6291200738339162
102,26.0,14.49,13.92,87.68,102,87.68,14.49,-0.10404805747217526,-0.5202402873608762,20.73488701636226,-1.6668498807042476
103,26.0,14.09,14.27,90.75,103,90.75,14.09,-0.09869104044286556,-0.49345520221432776,21.937085253605275,-1.5810304678947062
104,26.0,14.23,14.24,90.05,104,90.05,14.23,-0.0999127335484765,-0.4995636677423825,21.57870452396026,-1.6006019914465937
105,26.0,14.23,14.27,90.14,105,90.14,14.23,-0.09975565414786551,-0.4987782707393275,21.595644982154816,-1.5980855794488054
106,26.0,14.21,14.26,90.19,106,90.19,14.21,-0.0996683880498941,-0.4983419402494705,21.63698914976086,-1.5966875765593034
107,26.0,14.56,13.94,87.54,107,87.54,14.56,-0.10429219095581005,-0.5214609547790502,20.604614798503654,-1.670760899112077
108,26.0,14.32,14.15,89.31,108,89.31,14.32,-0.10120424807503098,-0.5060212403751548,21.297970450379317,-1.6212920541619962
109,26.0,14.57,13.89,87.26,109,87.26,14.57,-0.10478037958607565,-0.5239018979303782,20.538419957931975,-1.678581680968932
110,26.0,14.39,14.04,88.58,110,88.58,14.39,-0.10247811383077488,-0.5123905691538744,21.053456893911,-1.6416993835690135
111,26.0,14.34,14.16,89.3,111,89.3,14.34,-0.10122170008352471,-0.5061085004176236,21.264922931973462,-1.6215716353380658
112,26.0,14.29,14.19,89.6,112,89.6,14.29,-0.10069812602979616,-0.5034906301489808,21.399255543767676,-1.6131839789973346
113,26.0,14.41,14.04,88.53,113,88.53,14.41,-0.1025653525392135,-0.5128267626960675,21.01350570923145,-1.6430969476782002
114,26.0,14.33,14.1,89.05,114,89.05,14.33,-0.10165798681876977,-0.5082899340938488,21.23379312540942,-1.6285609488366917
115,26.0,14.39,14.06,88.67,115,88.67,14.39,-0.1023210794445087,-0.5116053972225435,21.070194870376476,-1.6391836927010295
116,26.0,14.48,14.0,88.07,116,88.07,14.48,-0.10336784847291135,-0.5168392423645567,20.821941161987226,-1.6559529325360398
117,26.0,14.39,14.04,88.62,117,88.62,14.39,-0.10240832150205709,-0.5120416075102854,21.060895916556454,-1.6405813104629545
118,26.0,14.3,14.18,89.51,118,89.51,14.3,-0.10085520090868268,-0.5042760045434134,21.36669239923776,-1.6157003185570964
119,26.0,14.48,13.92,87.72,119,87.72,14.48,-0.10397830054534299,-0.5198915027267149,20.75729864530992,-1.6657323747363946
120,26.0,14.3,14.11,89.24,120,89.24,14.3,-0.10132641133436329,-0.5066320566718164,21.316135175213972,-1.6232491095764998
121,26.0,14.51,13.94,87.73,121,87.73,14.51,-0.10396086100934193,-0.5198043050467096,20.71411577284941,-1.6654529933696578
122,26.0,14.34,14.14,89.18,122,89.18,14.34,-0.10143112113062919,-0.5071556056531459,21.242519468271027,-1.6249265605126795
123,26.0,14.38,14.12,88.99,123,88.99,14.38,-0.10176269125135717,-0.5088134562567859,21.145134557279906,-1.6302383138467418
124,26.0,14.24,14.21,89.89,124,89.89,14.24,-0.10019198609978,-0.5009599304989,21.53269858787184,-1.6050756173184755
125,26.0,14.4,14.11,88.84,125,88.84,14.4,-0.10202444362475352,-0.5101222181237676,21.086433221275424,-1.6344315868685513
126,26.0,14.53,13.97,87.73,126,87.73,14.53,-0.10396086100934193,-0.5198043050467096,20.68420417769799,-1.6654529933696578
127,26.0,14.49,13.96,87.89,127,87.89,14.49,-0.10368181238553563,-0.5184090619276781,20.773641674232987,-1.6609826344162808
128,26.0,14.28,14.13,89.38,128,89.38,14.28,-0.10108208301820767,-0.5054104150910383,21.3737326378982,-1.6193349699516868
129,26.0,14.55,13.95,87.61,129,87.61,14.55,-0.10417012732621118,-0.5208506366310559,20.632330682036983,-1.6688054397659031
130,26.0,14.4,14.01,88.44,130,88.44,14.4,-0.10272237724661755,-0.5136118862330877,21.012096111281785,-1.645612483490813
131,26.0,14.36,14.12,89.06,131,89.06,14.36,-0.1016405359001362,-0.508202679500681,21.18909533138079,-1.628281385120182
132,26.0,14.5,13.93,87.68,132,87.68,14.5,-0.10404805747217526,-0.5202402873608762,20.719883843294557,-1.6668498807042476
133,26.0,14.41,14.04,88.53,133,88.53,14.41,-0.1025653525392135,-0.5128267626960675,21.01350570923145,-1.6430969476782002
134,26.0,14.46,14.04,88.28,134,88.28,14.46,-0.10300151544832513,-0.5150075772416256,20.89100906346384,-1.6500842774821685
135,26.0,14.43,14.14,88.82,135,88.82,14.43,-0.10205934293200697,-0.5102967146600348,21.036719734606955,-1.6349906737707516
136,26.0,14.28,14.29,90.05,136,90.05,14.28,-0.0999127335484765,-0.4995636677423825,21.4993792528715,-1.6006019914465937
137,26.0,14.37,14.15,89.12,137,89.12,14.37,-0.1015358293574953,-0.5076791467874765,21.18479533184455,-1.6266039863070747
138,26.0,14.51,13.99,87.93,138,87.93,14.51,-0.10361204565840212,-0.5180602282920106,20.75097270662251,-1.659864971447602
139,26.0,14.2,14.25,90.21,139,90.21,14.2,-0.0996334816776943,-0.49816740838847146,21.65676378804962,-1.5961283764766627
140,26.0,14.54,13.94,87.61,140,87.61,14.54,-0.10417012732621118,-0.5208506366310559,20.647216799665305,-1.6688054397659031
141,26.0,14.5,13.91,87.64,141,87.64,14.5,-0.10411781242603349,-0.5205890621301674,20.712507981015307,-1.6679673550650564
142,26.0,14.48,14.0,88.07,142,88.07,14.48,-0.10336784847291135,-0.5168392423645567,20.821941161987226,-1.6559529325360398
143,26.0,14.49,13.91,87.67,143,87.67,14.49,-0.10406549639693417,-0.5203274819846708,20.733041695872455,-1.6671292522788854
144,26.0,14.59,13.89,87.19,144,87.19,14.59,-0.10490240936075612,-0.5245120468037806,20.496069544683667,-1.680536597959313
145,26.0,14.71,13.65,85.7,145,85.7,14.71,-0.10749787268263278,-0.5374893634131639,20.05042494462456,-1.722115920375777
146,26.0,14.72,13.68,85.8,146,85.8,14.72,-0.1073238197127632,-0.536619098563816,20.054259289776336,-1.7193275917984663
147,26.0,14.67,13.73,86.2,147,86.2,14.67,-0.10662739004000002,-0.5331369502000001,20.19868093858619,-1.7081707884408002
148,26.0,14.74,13.64,85.59,148,85.59,14.74,-0.10768930454908619,-0.5384465227454309,19.98774467925485,-1.7251826588763608
149,26.0,14.81,13.67,85.44,149,85.44,14.81,-0.10795030219076598,-0.5397515109538299,19.86172698229615,-1.729363841096071
150,26.0,14.72,13.74,86.05,150,86.05,14.72,-0.10688859084344947,-0.5344429542172473,20.099559090626663,-1.7123552253120604
151,26.0,14.75,13.68,85.67,151,85.67,14.75,-0.10755008414395076,-0.5377504207197538,19.987997532505002,-1.722952347986091
152,26.0,14.91,13.59,84.71,152,84.71,14.91,-0.10921967992962921,-0.546098399648146,19.591782372167778,-1.7496992724726599
153,26.0,14.83,13.67,85.31,153,85.31,14.83,-0.10817645613444449,-0.5408822806722224,19.81029603670892,-1.7329868272738007
154,26.0,14.78,13.65,85.44,154,85.44,14.78,-0.10795030219076598,-0.5397515109538299,19.903988854337232,-1.729363841096071
155,26.0,14.82,13.58,85.01,155,85.01,14.82,-0.1086981872646357,-0.5434909363231785,19.770388096446144,-1.741344959979464
156,26.0,14.74,13.69,85.78,156,85.78,14.74,-0.10735863210847432,-0.5367931605423716,20.022113003387418,-1.7198852863777585
157,26.0,14.75,13.7,85.75,157,85.75,14.75,-0.10741084901953996,-0.5370542450976997,20.002458600522523,-1.72072180129303
158,26.0,14.84,13.71,85.5,158,85.5,14.84,-0.1078459095727845,-0.5392295478639225,19.83041720173289,-1.7276914713560076
159,26.0,14.92,13.63,84.86,159,84.86,14.92,-0.10895896429900154,-0.5447948214950077,19.60477752018997,-1.7455226080700046
160,26.0,14.88,13.65,85.04,160,85.04,14.88,-0.1086460246465923,-0.5432301232329615,19.6922122780898,-1.7405093148384085
161,26.0,14.97,13.54,84.25,161,84.25,14.97,-0.11001880616120763,-0.5500940308060381,19.427792554659593,-1.7625012747025461
162,26.0,15.01,13.49,83.92,162,83.92,15.01,-0.11059169754492518,-0.5529584877246259,19.31513484905023,-1.7716789946697014
163,26.0,14.71,13.79,86.31,163,86.31,14.71,-0.10643581381389998,-0.5321790690694999,20.161045704670457,-1.7051017372986776
164,26.0,15.06,13.37,83.2,164,83.2,15.06,-0.11184039683065011,-0.5592019841532505,19.12107120374598,-1.7916831572270147
165,26.0,15.01,13.54,84.11,165,84.11,15.01,-0.1102618926830133,-0.5513094634150665,19.34876708849872,-1.766395520781873
166,26.0,14.58,13.85,87.06,166,87.06,14.58,-0.10512901653343343,-0.5256450826671671,20.486991530607998,-1.6841668448656035
167,26.0,15.04,13.44,83.58,167,83.58,15.04,-0.11118158158520063,-0.5559079079260031,19.21474906331953,-1.781128936994914
168,26.0,14.79,13.68,85.54,168,85.54,14.79,-0.10777630970706215,-0.5388815485353107,19.90790139913031,-1.7265764815071356
169,26.0,14.91,13.59,84.71,169,84.71,14.91,-0.10921967992962921,-0.546098399648146,19.591782372167778,-1.7496992724726599
170,26.0,14.86,13.64,85.09,170,85.09,14.86,-0.10855908168945634,-0.5427954084472817,19.728949317390096,-1.7391164886650905
171,26.0,15.03,13.45,83.63,171,83.63,15.03,-0.11109485812844798,-0.5554742906422399,19.236972363137443,-1.7797396272177366
172,26.0,14.85,13.68,85.29,172,85.29,14.85,-0.10821124534196475,-0.5410562267098237,19.77874513540796,-1.7335441503782751
173,26.0,14.84,13.64,85.2,173,85.2,14.84,-0.10836778433323156,-0.5418389216661578,19.776559413935033,-1.7360519050183696
174,26.0,14.78,13.77,85.92,174,85.92,14.78,-0.10711492674687671,-0.5355746337343835,19.990566983405028,-1.715981126484965
175,26.0,14.77,13.71,85.74,175,85.74,14.77,-0.10742825420577401,-0.53714127102887,19.972259396423436,-1.7210006323764997
176,26.0,14.78,13.67,85.55,176,85.55,14.78,-0.10775890914710662,-0.5387945457355331,19.923824787698486,-1.726297724536648
177,26.0,14.72,13.71,85.91,177,85.91,14.72,-0.10713233569870434,-0.5356616784935216,20.07418946517248,-1.7162600178932435
178,26.0,14.78,13.72,85.74,178,85.74,14.78,-0.10742825420577401,-0.53714127102887,19.958093793804675,-1.7210006323764997
179,26.0,14.74,13.76,86.05,179,86.05,14.74,-0.10688859084344947,-0.5344429542172473,20.07096657740212,-1.7123552253120604
180,26.0,14.84,13.54,84.76,180,84.76,14.84,-0.10913278165236978,-0.5456639082618489,19.69761123248862,-1.7483071620709638
181,26.0,14.71,13.79,86.31,181,86.31,14.71,-0.10643581381389998,-0.5321790690694999,20.161045704670457,-1.7051017372986776
182,26.0,14.87,13.51,84.49,182,84.49,14.87,-0.10960194804697612,-0.5480097402348806,19.607647792155273,-1.7558232077125575
183,26.0,14.92,13.51,84.35,183,84.35,14.92,-0.1098451362238892,-0.5492256811194459,19.51383787799052,-1.7597190823067048
184,26.0,14.98,13.5,84.06,184,84.06,14.98,-0.11034869452504226,-0.5517434726252113,19.380493717926626,-1.767786086291177
185,26.0,14.95,13.48,84.05,185,84.05,14.95,-0.11036605394984554,-0.5518302697492277,19.419464658892537,-1.7680641842765255
186,26.0,14.9,13.56,84.6,186,84.6,14.9,-0.10941083133185146,-0.5470541566592573,19.585917680424647,-1.7527615179362603
187,26.0,14.91,13.52,84.43,187,84.43,14.91,-0.10970617865584349,-0.5485308932792174,19.54182241212153,-1.7574929820666128
188,26.0,14.94,13.51,84.26,188,84.26,14.94,-0.11000144053210348,-0.5500072026605174,19.470448740195685,-1.7622230773242977
189,26.0,14.89,13.58,84.74,189,84.74,14.89,-0.10916754180158084,-0.5458377090079042,19.624721486365498,-1.748864019661325
190,26.0,14.89,13.61,84.85,190,84.85,14.89,-0.10897634727115056,-0.5448817363557528,19.644383442433313,-1.745801083283832
191,26.0,15.05,13.52,83.89,191,83.89,15.05,-0.11064376144268842,-0.5532188072134421,19.256067923131962,-1.7725130583118685
192,26.0,14.98,13.56,84.3,192,84.3,14.98,-0.10993197497436391,-0.5496598748718196,19.423078347723045,-1.7611102390893099
193,26.0,14.96,13.47,83.99,193,83.99,14.96,-0.11047020384902864,-0.5523510192451432,19.395206038936944,-1.7697326656614387
194,26.0,14.98,13.52,84.14,194,84.14,14.98,-0.11020980782242373,-0.5510490391121187,19.39468656970194,-1.7655611213152282
195,26.0,14.94,13.59,84.6,195,84.6,14.94,-0.10941083133185146,-0.5470541566592573,19.530972494645187,-1.7527615179362603
196,26.0,14.73,13.72,85.96,196,85.96,14.73,-0.1070452887775387,-0.5352264438876935,20.068954742872524,-1.71486552621617
197,26.0,14.74,13.76,86.05,197,86.05,14.74,-0.10688859084344947,-0.5344429542172473,20.07096657740212,-1.7123552253120604
198,26.0,14.82,13.72,85.58,198,85.58,14.82,-0.10770670605126093,-0.5385335302563046,19.872854288995356,-1.7254614309412
199,26.0,14.8,13.77,85.84,199,85.84,14.8,-0.1072541922484271,-0.5362709612421355,19.947836848278808,-1.7182121598198021
200,26.0,14.86,13.62,85.02,200,85.02,14.86,-0.10868079998954366,-0.5434039999477183,19.71640563448984,-1.7410664158324896
201,26.0,15.09,13.42,83.3,201,83.3,15.09,-0.11166707370993333,-0.5583353685496666,19.0988340977343,-1.7889065208331318
202,26.0,14.89,13.49,84.38,202,84.38,14.89,-0.10979302937057195,-0.5489651468528597,19.560397945965097,-1.7588843305165627
203,26.0,14.71,13.69,85.89,203,85.89,14.71,-0.1071671529500392,-0.535835764750196,20.084871686946222,-1.716817790259628
204,26.0,14.76,13.74,85.93,204,85.93,14.76,-0.10709751757831598,-0.5354875878915799,20.020771243651456,-1.715702231604622
205,26.0,15.01,13.44,83.7,205,83.7,15.01,-0.11097343110910451,-0.5548671555455226,19.276207118993195,-1.7777943663678544
206,26.0,15.0,13.41,83.6,206,83.6,15.0,-0.11114689322063256,-0.5557344661031628,19.271968528756826,-1.7805732293945336
207,26.0,14.78,13.7,85.64,207,85.64,14.78,-0.10760229353537032,-0.5380114676768516,19.940056395589437,-1.7237887424366325
208,26.0,15.09,13.41,83.24,208,83.24,15.09,-0.11177107188094765,-0.5588553594047382,19.08828764760581,-1.7905725715327814
209,26.0,14.8,13.61,85.18,209,85.18,14.8,-0.10840256798546362,-0.5420128399273181,19.828988028114313,-1.7366091391271272
210,26.0,14.64,13.78,86.53,210,86.53,14.64,-0.10605259090319995,-0.5302629545159997,20.302258482239317,-1.698962506269263
211,26.0,14.67,13.71,86.15,211,86.15,14.67,-0.1067144621099399,-0.5335723105496994,20.189585850301754,-1.7095656830012371
212,26.0,14.81,13.6,85.11,212,85.11,14.81,-0.10852430267782234,-0.5426215133891117,19.802364009629866,-1.7385593288987138
213,26.0,14.64,13.84,86.77,213,86.77,14.64,-0.10563442796790186,-0.5281721398395093,20.346031441309254,-1.6922635360457878
214,26.0,14.76,13.57,85.17,214,85.17,14.76,-0.10841995942790926,-0.5420997971395463,19.88351896249179,-1.7368877500351063
215,26.0,14.91,13.52,84.39,215,84.39,14.91,-0.10977565982213525,-0.5488782991106762,19.534687190373024,-1.7586060703506066
216,26.0,14.93,13.5,84.23,216,84.23,14.93,-0.11005353650331609,-0.5502676825165804,19.478771321505526,-1.7630576547831238
217,26.0,14.89,13.66,85.08,217,85.08,14.89,-0.10857647080445139,-0.5428823540222569,19.68550571461913,-1.7393950622873111
218,26.0,14.85,13.63,85.12,218,85.12,14.85,-0.10850691278224278,-0.5425345639112139,19.7482536138559,-1.7382807427715292
219,26.0,14.98,13.4,83.6,219,83.6,14.98,-0.11114689322063256,-0.5557344661031628,19.298925680381068,-1.7805732293945336
220,26.0,14.9,13.51,84.4,220,84.4,14.9,-0.10975828997591495,-0.5487914498795747,19.550211053193227,-1.7583278054141576
221,26.0,14.88,13.45,84.21,221,84.21,14.88,-0.11008826562043164,-0.5504413281021582,19.543791450351314,-1.763614015239315
222,26.0,14.81,13.64,85.27,222,85.27,14.81,-0.1082460335489697,-0.5412301677448484,19.831142526482115,-1.7341014574544944
223,26.0,14.8,13.56,85.02,223,85.02,14.8,-0.10868079998954366,-0.5434039999477183,19.800192970581794,-1.7410664158324896
224,26.0,14.78,13.6,85.25,224,85.25,14.78,-0.10828082075122043,-0.5414041037561022,19.869733982715555,-1.7346587484345513
225,26.0,14.75,13.75,85.96,225,85.96,14.75,-0.1070452887775387,-0.5352264438876935,20.040425970799625,-1.71486552621617
226,26.0,14.69,13.72,86.09,226,86.09,14.69,-0.10681894183840429,-0.5340947091920214,20.149865385097705,-1.7112394482512367
227,26.0,14.79,13.55,84.99,227,84.99,14.79,-0.1087329610194044,-0.543664805097022,19.80882453732189,-1.7419020355308583
228,26.0,14.92,13.39,83.82,228,83.82,14.92,-0.11076523249817097,-0.5538261624908548,19.419416893052595,-1.7744590246206988
229,26.0,14.89,13.49,84.36,229,84.36,14.89,-0.10982776757197799,-0.5491388378598899,19.55682555825932,-1.7594408365030874
230,26.0,14.9,13.44,84.11,230,84.11,14.9,-0.1102618926830133,-0.5513094634150665,19.498458263494875,-1.766395520781873
231,26.0,14.87,13.53,84.6,231,84.6,14.87,-0.10941083133185146,-0.5470541566592573,19.627329449603543,-1.7527615179362603
232,26.0,14.84,13.54,84.77,232,84.77,14.84,-0.10911540116019891,-0.5455770058009946,19.699404909688795,-1.7480287265863865
233,26.0,14.77,13.64,85.45,233,85.45,14.77,-0.10793290402346095,-0.5396645201173047,19.91992047712023,-1.7290851224558443
234,26.0,14.67,13.66,85.89,234,85.89,14.67,-0.1071671529500392,-0.535835764750196,20.142300157437198,-1.716817790259628
235,26.0,14.88,13.43,84.1,235,84.1,14.88,-0.1102792536787247,-0.5513962683936234,19.52413689454947,-1.7666736439331696
236,26.0,15.16,13.17,81.95,236,81.95,15.16,-0.11400372197710414,-0.5700186098855207,18.770676921870106,-1.826339626073208
237,26.0,14.96,13.4,83.7,237,83.7,14.96,-0.11097343110910451,-0.5548671555455226,19.343709141922364,-1.7777943663678544
238,26.0,14.78,13.6,85.27,238,85.27,14.78,-0.1082460335489697,-0.5412301677448484,19.873339320780495,-1.7341014574544944
239,26.0,14.82,13.47,84.55,239,84.55,14.82,-0.10949770690839543,-0.5474885345419771,19.687760475610535,-1.7541532646724947
240,26.0,14.63,13.67,86.12,240,86.12,14.63,-0.10676670290173707,-0.5338335145086853,20.242006104571903,-1.7104025804858278
241,26.0,14.88,13.43,84.17,241,84.17,14.88,-0.11015772016275749,-0.5507886008137874,19.536643892592807,-1.7647266770073748
242,26.0,14.9,13.49,84.32,242,84.32,14.9,-0.10989724037810651,-0.5494862018905325,19.535931799246093,-1.7605537908572664
243,26.0,15.04,13.32,83.08,243,83.08,15.04,-0.11204833691942553,-0.5602416845971276,19.126545346827008,-1.795014357449197
244,26.0,14.77,13.63,85.41,244,85.41,14.77,-0.1080024952374809,-0.5400124761874044,19.912702939716777,-1.730199973704444
245,26.0,15.04,13.34,83.13,245,83.13,15.04,-0.11196170158616003,-0.5598085079308002,19.135361627583354,-1.7936264594102838
246,26.0,14.63,13.65,86.01,246,86.01,14.63,-0.10695823649107916,-0.5347911824553958,20.22194215005209,-1.713470948587088
247,26.0,14.91,13.45,84.13,247,84.13,14.91,-0.11022716975433396,-0.5511358487716698,19.488320330692495,-1.7658392594644299
248,26.0,15.02,13.31,83.1,248,83.1,15.02,-0.11201368388346472,-0.5600684194173235,19.156756074736965,-1.7944592158131047
249,26.0,14.88,13.48,84.35,249,84.35,14.88,-0.1098451362238892,-0.5492256811194459,19.568811864371533,-1.7597190823067048
250,26.0,14.98,13.4,83.65,250,83.65,14.98,-0.11106016637626744,-0.5553008318813372,19.307788308867515,-1.7791838653478043
251,26.0,14.7,13.66,85.8,251,85.8,14.7,-0.1073238197127632,-0.536619098563816,20.082868583974026,-1.7193275917984663
252,26.0,14.85,13.6,84.96,252,84.96,14.85,-0.10878511965507434,-0.5439255982753717,19.719562761556112,-1.742737616874291
253,26.0,14.89,13.52,84.47,253,84.47,14.89,-0.10963669275887816,-0.5481834637943908,19.57647520290334,-1.756379817997228
254,26.0,14.9,13.53,84.52,254,84.52,14.9,-0.10954982878675563,-0.5477491439337782,19.571633591100127,-1.7549882571638251
255,26.0,15.05,13.31,82.98,255,82.98,15.05,-0.11222157999398895,-0.5611078999699447,19.09561595479068,-1.797789711503703
256,26.0,15.25,13.23,81.92,256,81.92,15.25,-0.1140555639910411,-0.5702778199552054,18.649508339656172,-1.8271701351364782
257,26.0,15.33,13.08,80.95,257,80.95,15.33,-0.11572963260413548,-0.5786481630206773,18.38066164350538,-1.8539887143182503
258,26.0,14.8,13.63,85.31,258,85.31,14.8,-0.10817645613444449,-0.5408822806722224,19.852389016007162,-1.7329868272738007
259,26.0,15.08,13.32,82.9,259,82.9,15.08,-0.11236014767404928,-0.5618007383702464,19.041765756227843,-1.8000095657382695
260,26.0,15.01,13.38,83.43,260,83.43,15.01,-0.11144170059975156,-0.5572085029987578,19.228454785857277,-1.7852960436080199
261,26.0,15.11,13.42,83.22,261,83.22,15.11,-0.11180573507504538,-0.5590286753752268,19.05831684709375,-1.7911278759022269
262,26.0,14.79,13.67,85.5,262,85.5,14.79,-0.1078459095727845,-0.5392295478639225,19.900693196738178,-1.7276914713560076
263,26.0,14.96,13.47,84.01,263,84.01,14.96,-0.11043548848609018,-0.5521774424304509,19.3987585759553,-1.7691765255471645
264,26.0,15.07,13.29,82.79,264,82.79,15.07,-0.11255063883354446,-0.5627531941677223,19.035655796707573,-1.8030612341133823
265,26.0,14.85,13.55,84.75,265,84.75,14.85,-0.10915016186634026,-0.5457508093317013,19.681916775099985,-1.7485855930987708
266,26.0,14.96,13.5,84.14,266,84.14,14.96,-0.11020980782242373,-0.5510490391121187,19.421853218907,-1.7655611213152282
267,26.0,15.07,13.38,83.22,267,83.22,15.07,-0.11180573507504538,-0.5590286753752268,19.111301461543263,-1.7911278759022269
268,26.0,14.99,13.41,83.64,268,83.64,14.99,-0.11107751242107787,-0.5553875621053893,19.292522782401388,-1.7794617489856674
269,26.0,15.05,13.31,82.98,269,82.98,15.05,-0.11222157999398895,-0.5611078999699447,19.09561595479068,-1.797789711503703
270,26.0,14.98,13.48,83.95,270,83.95,14.98,-0.11053963074338798,-0.5526981537169399,19.360981918780784,-1.7708448845090754
271,26.0,14.91,13.49,84.29,271,84.29,14.91,-0.10994934181893923,-0.5497467090946961,19.516851284226664,-1.7613884559394064
272,26.0,14.93,13.52,84.3,272,84.3,14.93,-0.10993197497436391,-0.5496598748718196,19.4912373036584,-1.7611102390893099
273,26.0,14.91,13.49,84.27,273,84.27,14.91,-0.10998407459833803,-0.5499203729916902,19.513284474741752,-1.7619448750653752
274,26.0,14.93,13.45,84.04,274,84.04,14.93,-0.11038341305888073,-0.5519170652944037,19.444942894948472,-1.7683422772032693
275,26.0,14.86,13.5,84.53,275,84.53,14.86,-0.10953245511750101,-0.547662275587505,19.62863829089556,-1.7547099309823662
276,26.0,14.79,13.61,85.24,276,85.24,14.79,-0.10829821397423843,-0.5414910698711921,19.853849691586365,-1.7349373878672996
277,26.0,14.91,13.52,84.39,277,84.39,14.91,-0.10977565982213525,-0.5488782991106762,19.534687190373024,-1.7586060703506066
278,26.0,14.88,13.53,84.55,278,84.55,14.88,-0.10949770690839543,-0.5474885345419771,19.604565769247035,-1.7541532646724947
279,26.0,15.03,13.3,83.03,279,83.03,15.03,-0.11213496307735837,-0.5606748153867919,19.131054281931608,-1.7964021084992812
280,26.0,14.98,13.38,83.53,280,83.53,14.98,-0.11126829652669248,-0.5563414826334624,19.28651945937174,-1.7825181103576135
281,26.0,14.89,13.59,84.75,281,84.75,14.89,-0.10915016186634026,-0.5457508093317013,19.62650879441449,-1.7485855930987708
282,26.0,14.96,13.43,83.84,282,83.84,14.96,-0.11073052811402867,-0.5536526405701433,19.368566202567425,-1.7739030603867392
283,26.0,14.88,13.5,84.43,283,84.43,14.88,-0.10970617865584349,-0.5485308932792174,19.583111969308206,-1.7574929820666128
284,26.0,15.0,13.33,83.25,284,83.25,15.0,-0.11175373974578379,-0.5587686987289189,19.210041418666105,-1.7902949107274562
285,26.0,14.81,13.57,84.98,285,84.98,14.81,-0.1087503474980217,-0.5437517374901085,19.778986516430052,-1.7421805669183077
286,26.0,15.03,13.44,83.61,286,83.61,15.03,-0.11112954852875367,-0.5556477426437684,19.233439699784107,-1.7802953674306339
287,26.0,15.04,13.34,83.14,287,83.14,15.04,-0.1119443734242728,-0.559721867121364,19.13712499518905,-1.79334886225685
288,26.0,14.89,13.49,84.36,288,84.36,14.89,-0.10982776757197799,-0.5491388378598899,19.55682555825932,-1.7594408365030874
289,26.0,15.0,13.48,83.87,289,83.87,15.0,-0.11067846908760742,-0.5533923454380371,19.319769993629297,-1.773069074783471
290,26.0,14.84,13.57,84.88,290,84.88,14.84,-0.10892419753651605,-0.5446209876825803,19.71913723815333,-1.744965644534987
291,26.0,14.94,13.47,84.07,291,84.07,14.94,-0.11033133478499974,-0.5516566739249986,19.436642225247937,-1.7675079832556957
292,26.0,15.12,13.34,82.84,292,82.84,15.12,-0.11246405763538046,-0.5623202881769023,18.9784947308354,-1.801674203318795
293,26.0,14.92,13.46,84.11,293,84.11,14.92,-0.1102618926830133,-0.5513094634150665,19.471070010703528,-1.766395520781873
294,26.0,14.72,13.73,86.03,294,86.03,14.72,-0.10692341408906283,-0.5346170704453141,20.095934592799267,-1.7129130937067865
295,26.0,14.76,13.72,85.83,295,85.83,14.76,-0.10727159944729975,-0.5363579972364987,20.002703807541575,-1.718491023145742
296,26.0,14.7,13.78,86.32,296,86.32,14.7,-0.10641839660645805,-0.5320919830322902,20.17724191662839,-1.704822713635458
297,26.0,14.84,13.68,85.35,297,85.35,14.84,-0.1081068747348139,-0.5405343736740694,19.803485440734956,-1.7318721332517186
298,26.0,14.82,13.63,85.22,298,85.22,14.82,-0.10833299966141036,-0.5416649983070517,19.80812898630255,-1.7354946545757939
299,26.0,14.94,13.56,84.47,299,84.47,14.94,-0.10963669275887816,-0.5481834637943908,19.507826933175533,-1.756379817997228
300,26.0,14.99,13.42,83.66,300,83.66,14.99,-0.11104281999454511,-0.5552140999727255,19.296065528624123,-1.7789059763126127
301,26.0,15.14,13.22,82.29,301,82.29,15.14,-0.11341591425733573,-0.5670795712866786,18.856046903194244,-1.8169229464025183
302,26.0,15.09,13.34,82.93,302,82.93,15.09,-0.1123081876033547,-0.5615409380167735,19.033818764890437,-1.7991771654057422
303,26.0,14.97,13.41,83.74,303,83.74,14.97,-0.11090403687534696,-0.5545201843767348,19.337267390932567,-1.7766826707430583
304,26.0,15.2,13.21,81.99,304,81.99,15.2,-0.11393459332222296,-0.5696729666111148,18.72591518806182,-1.8252321850220117
305,26.0,14.97,13.44,83.83,305,83.83,14.97,-0.11074788046979939,-0.5537394023489969,19.35323620443331,-1.7741810451261861
306,26.0,14.84,13.54,84.78,306,84.78,14.84,-0.10909802039035699,-0.5454901019517849,19.701198615544786,-1.7477502866535188
307,26.0,14.88,13.5,84.45,307,84.45,14.88,-0.10967143629657841,-0.548357181482892,19.586687300902057,-1.7569364094711861
308,26.0,15.02,13.36,83.3,308,83.3,15.02,-0.11166707370993333,-0.5583353685496666,19.192077403887573,-1.7889065208331318
309,26.0,15.28,13.04,80.95,309,80.95,15.28,-0.11572963260413548,-0.5786481630206773,18.443622291237816,-1.8539887143182503
310,26.0,14.91,13.37,83.77,310,83.77,14.91,-0.11085198771054161,-0.554259938552708,19.42415596921261,-1.7758488431228765
311,26.0,14.89,13.39,83.93,311,83.93,14.89,-0.11057434226634943,-0.5528717113317472,19.48004972785748,-1.7714009631069179
312,26.0,15.04,13.28,82.88,312,82.88,15.04,-0.11239478583950019,-0.5619739291975009,19.091289628034424,-1.800564469148793
313,26.0,14.97,13.46,83.9,313,83.9,14.97,-0.11062640713362332,-0.5531320356681165,19.36565826963074,-1.7722350422806454
314,26.0,15.07,13.22,82.5,314,82.5,15.07,-0.11305261922200519,-0.5652630961100259,18.98467922451776,-1.811102959936523
315,26.0,15.02,13.36,83.28,315,83.28,15.02,-0.11170174119416776,-0.5585087059708388,19.188544611964616,-1.7894618939305675
316,26.0,14.96,13.4,83.72,316,83.72,14.96,-0.11093873465865156,-0.5546936732932578,19.34725974356401,-1.777238529231598
317,26.0,14.9,13.39,83.89,317,83.89,14.9,-0.11064376144268842,-0.5532188072134421,19.45921547680354,-1.7725130583118685
318,26.0,14.95,13.32,83.4,318,83.4,14.95,-0.11149371504928668,-0.5574685752464333,19.30398652154463,-1.7861293150895725
319,26.0,14.96,13.42,83.81,319,83.81,14.96,-0.11078258419861475,-0.5539129209930738,19.363239132594092,-1.7747369988618082
320,26.0,15.03,13.19,82.56,320,82.56,15.03,-0.1129487882209847,-0.5647439411049234,19.04817918577879,-1.8094395873001747
321,26.0,14.76,13.45,84.69,321,84.69,14.76,-0.10925443727830625,-0.5462721863915312,19.796911004206574,-1.750256085198466
322,26.0,14.8,13.51,84.82,322,84.82,14.8,-0.10902849454486857,-0.5451424727243428,19.764209027047233,-1.7466364826087946
323,26.0,14.73,13.6,85.41,323,85.41,14.73,-0.1080024952374809,-0.5400124761874044,19.96939701244729,-1.730199973704444
324,26.0,15.03,13.31,83.05,324,83.05,15.03,-0.11210031371944738,-0.5605015685972369,19.134582765772386,-1.795847025785547
325,26.0,15.04,13.34,83.15,325,83.15,15.04,-0.11192704489853916,-0.5596352244926958,19.13888839982089,-1.7930712592745974
326,26.0,15.1,13.24,82.5,326,82.5,15.1,-0.11305261922200519,-0.5652630961100259,18.94517672793104,-1.811102959936523
327,26.0,15.05,13.24,82.67,327,82.67,15.05,-0.11275839458755413,-0.5637919729377706,19.041026054005922,-1.8063894812926171
328,26.0,14.93,13.28,83.29,328,83.29,14.93,-0.11168440763001422,-0.5584220381500711,19.31152753529861,-1.7891842102328277
329,26.0,15.21,13.15,81.66,329,81.66,15.21,-0.11450469850882337,-0.5725234925441168,18.65568828554988,-1.8343652701113504
330,26.0,14.88,13.48,84.34,330,84.34,14.88,-0.10986250457590037,-0.5493125228795018,19.56702448956475,-1.7599973233059238
331,26.0,15.1,13.21,82.34,331,82.34,15.1,-0.11332943160361925,-0.5666471580180962,18.917124666070997,-1.8155374942899802
332,26.0,14.99,13.3,83.16,332,83.16,14.99,-0.11190971600948699,-0.5595485800474349,19.20753921641763,-1.7927936504719815
333,26.0,15.33,12.96,80.43,333,80.43,15.33,-0.1166252457561638,-0.583126228780819,18.291325726159858,-1.868336437013744
334,26.0,15.2,13.12,81.61,334,81.61,15.2,-0.11459103657442256,-0.5729551828721128,18.65984970664886,-1.8357484059222493
335,26.0,15.08,13.23,82.51,335,82.51,15.08,-0.1130353150461073,-0.5651765752305364,18.973249506691236,-1.8108257470386389
336,26.0,15.15,13.19,82.07,336,82.07,15.15,-0.11379631567150184,-0.5689815783575092,18.80459709133337,-1.8230169770574594
337,26.0,15.09,13.24,82.52,337,82.52,15.09,-0.11301801047313105,-0.5650900523656552,18.961835657657474,-1.8105485277795594
338,26.0,15.25,12.99,80.86,338,80.86,15.25,-0.11588473735366252,-0.5794236867683126,18.46604932032181,-1.8564734924056734
339,26.0,15.18,13.11,81.6,339,81.6,15.18,-0.11460830285624118,-0.5730415142812059,18.683851933177472,-1.8360250117569836
340,26.0,15.16,13.13,81.76,340,81.76,15.16,-0.11433198930550695,-0.5716599465275347,18.73754830214205,-1.8315984686742213
341,26.0,15.21,13.08,81.39,341,81.39,15.21,-0.11497079117087737,-0.5748539558543868,18.60881227658598,-1.8418320745574555
342,26.0,15.23,13.13,81.5,342,81.5,15.23,-0.11478094111296105,-0.5739047055648052,18.60229578444036,-1.838790676629636
343,26.0,15.1,13.19,82.28,343,82.28,15.1,-0.11343320956417016,-0.5671660478208508,18.906607846873424,-1.817200017218006
344,26.0,15.22,13.21,81.93,344,81.93,15.22,-0.11403828374718389,-0.5701914187359194,18.689731445273342,-1.826893305629886
345,26.0,15.19,13.15,81.78,345,81.78,15.19,-0.11429744220907903,-0.5714872110453951,18.7022801833447,-1.831045024189446
346,26.0,15.04,13.27,82.85,346,82.85,15.04,-0.11244674025460694,-0.5622337012730346,19.086002585290455,-1.801396778878803
347,26.0,15.28,13.15,81.43,347,81.43,15.28,-0.11490176113389027,-0.5745088056694513,18.5264839521694,-1.840726213364922
348,26.0,15.05,13.33,83.08,348,83.08,15.05,-0.11204833691942553,-0.5602416845971276,19.113233438304412,-1.795014357449197
349,26.0,15.15,13.26,82.37,349,82.37,15.15,-0.1132775371347218,-0.566387685673609,18.85698822096628,-1.8147061448982431
350,26.0,14.96,13.45,83.93,350,83.93,14.96,-0.11057434226634943,-0.5528717113317472,19.38454921293109,-1.7714009631069179
351,26.0,14.92,13.42,83.93,351,83.93,14.92,-0.11057434226634943,-0.5528717113317472,19.43900619496308,-1.7714009631069179
352,26.0,15.15,13.23,82.28,352,82.28,15.15,-0.11343320956417016,-0.5671660478208508,18.841266956778824,-1.817200017218006
353,26.0,15.02,13.41,83.52,353,83.52,15.02,-0.11128563848734818,-0.5564281924367409,19.230947581612888,-1.7827959285673178
354,26.0,15.29,13.17,81.5,354,81.5,15.29,-0.11478094111296105,-0.5739047055648052,18.525885279470756,-1.838790676629636
355,26.0,15.29,13.14,81.34,355,81.34,15.29,-0.11505706845235078,-0.5752853422617539,18.49826661299659,-1.8432142366066595
356,26.0,15.08,13.33,82.92,356,82.92,15.08,-0.11232550800255187,-0.5616275400127593,19.04528100366782,-1.799454638200881
357,26.0,15.14,13.22,82.22,357,82.22,15.14,-0.11353697279355973,-0.5676848639677986,18.843812818877854,-1.818862304152827
358,26.0,15.18,13.23,82.16,358,82.16,15.18,-0.11364072117799884,-0.5682036058899942,18.781365214991364,-1.8205243532715414
359,26.0,15.32,13.12,81.14,359,81.14,15.32,-0.11540206225521046,-0.5770103112760523,18.425916348712086,-1.8487410373284716
360,26.0,15.37,13.02,80.52,360,80.52,15.37,-0.11647033171901576,-0.5823516585950788,18.256918892585187,-1.8658547141386324
361,26.0,15.23,13.18,81.72,361,81.72,15.23,-0.11440107825522522,-0.572005391276126,18.640446940588035,-1.832705273648708
362,26.0,15.25,13.18,81.65,362,81.65,15.25,-0.11452196700772405,-0.5726098350386202,18.602729919521835,-1.8346419114637391
363,26.0,15.1,13.35,82.96,363,82.96,15.1,-0.11225622415830071,-0.5612811207915035,19.025883101908274,-1.7983447110159774
364,26.0,15.12,13.23,82.37,364,82.37,15.12,-0.1132775371347218,-0.566387685673609,18.896171224219934,-1.8147061448982431
365,26.0,15.2,13.17,81.81,365,81.81,15.2,-0.11424561829931529,-0.5712280914965764,18.69461314515985,-1.8302148051550309
366,26.0,15.35,13.01,80.55,366,80.55,15.35,-0.1164186846568863,-0.5820934232844315,18.286959273623356,-1.8650273282033185
367,26.0,15.32,13.11,81.09,367,81.09,15.32,-0.11548828154675711,-0.5774414077337855,18.41731024252752,-1.8501222703790488
368,26.0,15.29,13.05,80.96,368,80.96,15.29,-0.11571239634031681,-0.578561981701584,18.432719744624364,-1.8537125893718753
369,26.0,15.18,13.13,81.72,369,81.72,15.18,-0.11440107825522522,-0.572005391276126,18.704736114194986,-1.832705273648708
370,26.0,15.58,12.81,78.87,370,78.87,15.58,-0.11930357437493058,-0.5965178718746529,17.721674030484856,-1.911243261486388
371,26.0,15.3,13.09,81.1,371,81.1,15.3,-0.11547103862994684,-0.5773551931497342,18.444233704793373,-1.8498460388517484
372,26.0,15.23,13.18,81.76,372,81.76,15.23,-0.11433198930550695,-0.5716599465275347,18.647385821963518,-1.8315984686742213
373,26.0,15.41,12.95,80.06,373,80.06,15.41,-0.11726167943748066,-0.5863083971874032,18.128823148357288,-1.87853210458844
374,26.0,15.37,13.02,80.55,374,80.55,15.37,-0.1164186846568863,-0.5820934232844315,18.262056569960023,-1.8650273282033185
375,26.0,15.54,12.8,78.93,375,78.93,15.54,-0.11920081365215199,-0.5960040682607599,17.779495401579133,-1.9095970347074749
376,26.0,15.26,13.03,80.95,376,80.95,15.26,-0.11572963260413548,-0.5786481630206773,18.4689272454502,-1.8539887143182503
377,26.0,15.17,13.14,81.77,377,81.77,15.17,-0.11431471597531857,-0.5715735798765929,18.72635672637913,-1.8313217499246035
378,26.0,15.01,13.37,83.38,378,83.38,15.01,-0.11152838959926409,-0.5576419479963204,19.21961457297426,-1.7866848013802106
379,26.0,14.97,13.39,83.59,379,83.59,14.97,-0.11116423757295764,-0.5558211878647882,19.310658835245487,-1.7808510859187814
380,26.0,15.42,12.87,79.69,380,79.69,15.42,-0.11789739327258948,-0.5894869663629474,18.053497041730587,-1.8887162402268836
381,26.0,15.06,13.18,82.42,381,82.42,15.06,-0.11319103827111426,-0.5659551913555713,18.983816922174178,-1.8133204331032504
382,26.0,15.21,13.06,81.3,382,81.3,15.21,-0.11512608202472195,-0.5756304101236097,18.593194318936206,-1.8443198340360456
383,26.0,15.01,13.27,82.97,383,82.97,15.01,-0.11223890226255395,-0.5611945113127698,19.147159206839206,-1.7980672142461143
384,26.0,15.06,13.32,83.0,384,83.0,15.06,-0.11218693434051474,-0.5609346717025737,19.085855523603804,-1.797234688135046
385,26.0,15.24,13.1,81.34,385,81.34,15.24,-0.11505706845235078,-0.5752853422617539,18.561803516681547,-1.8432142366066595
386,26.0,15.0,13.36,83.35,386,83.35,15.0,-0.11158039878909874,-0.5579019939454937,19.22773041260933,-1.787517988601362
387,26.0,15.07,13.36,83.11,387,83.11,15.07,-0.11199635681628382,-0.5599817840814191,19.091943647619523,-1.7941816361968668
388,26.0,15.1,13.26,82.61,388,82.61,15.1,-0.11286225153479659,-0.5643112576739829,18.96446851721659,-1.8080532695874414
389,26.0,14.91,13.4,83.86,389,83.86,14.91,-0.11069582242240411,-0.5534791121120205,19.4401930339274,-1.7733470752069138
390,26.0,15.06,13.26,82.72,390,82.72,15.06,-0.11267183643900547,-0.5633591821950273,19.036579018998605,-1.8050028197528676
391,26.0,15.16,13.17,81.96,391,81.96,15.16,-0.11398644045193443,-0.5699322022596721,18.772420967122653,-1.8260627760399895
392,26.0,15.23,13.1,81.4,392,81.4,15.23,-0.11495353434437094,-0.5747676717218547,18.58496155134161,-1.8415556201968224
393,26.0,15.32,13.05,80.85,393,80.85,15.32,-0.11590196880233644,-0.5795098440116822,18.376017436882144,-1.8567495402134297
394,26.0,15.45,12.97,80.02,394,80.02,15.45,-0.11733044043388752,-0.5866522021694376,18.072911949778728,-1.879633655750878
395,26.0,15.3,13.06,80.98,395,80.98,15.3,-0.11567792237732358,-0.5783896118866179,18.42355504189943,-1.8531603164847237
396,26.0,15.32,13.09,81.0,396,81.0,15.32,-0.1156434465040231,-0.5782172325201155,18.401822222684164,-1.85260801299445
397,26.0,15.36,12.98,80.39,397,80.39,15.36,-0.11669408329477804,-0.5834704164738902,18.2470850513176,-1.8694392143823442
398,26.0,15.24,13.01,80.97,398,80.97,15.24,-0.11569515959787113,-0.5784757979893557,18.497761477498063,-1.8534364567578956
399,26.0,15.34,13.1,80.99,399,80.99,15.34,-0.11566068467919921,-0.578303423395996,18.374993707323295,-1.8528841685607713
400,26.0,15.23,13.13,81.56,400,81.56,15.23,-0.11467736352831266,-0.5733868176415633,18.612698498274703,-1.8371313637235689
401,26.0,15.24,13.12,81.46,401,81.46,15.24,-0.11484998383800726,-0.5742499191900363,18.58258757093334,-1.8398967410848763
402,26.0,15.28,12.99,80.75,402,80.75,15.28,-0.11607425656038262,-0.5803712828019131,18.40912887717803,-1.8595095900973295
403,26.0,15.43,12.93,79.94,403,79.94,15.43,-0.11746793705325363,-0.5873396852662681,18.08380150375483,-1.8818363515931231
404,26.0,15.41,12.92,79.96,404,79.96,15.41,-0.11743356608056449,-0.5871678304028224,18.111770881791422,-1.881285728610643
405,26.0,15.44,12.9,79.74,405,79.74,15.44,-0.117811529026421,-0.589057645132105,18.03752939449147,-1.8873406950032645
406,26.0,15.41,12.96,80.13,406,80.13,15.41,-0.1171413274698304,-0.585706637349152,18.14076284185109,-1.876604066066683
407,26.0,15.4,13.03,80.47,407,80.47,15.4,-0.11655640011460677,-0.5827820005730339,18.2111576272412,-1.8672335298360005
408,26.0,15.6,12.75,78.52,408,78.52,15.6,-0.11990258640276093,-0.5995129320138046,17.639242882424593,-1.92083943417223
409,26.0,15.25,13.15,81.54,409,81.54,15.25,-0.11471189118386374,-0.5735594559193187,18.58368125862698,-1.837684496765497
410,26.0,15.38,13.03,80.54,410,80.54,15.38,-0.11643590084510376,-0.5821795042255188,18.24791914090443,-1.8653031315385622
411,26.0,15.29,13.12,81.27,411,81.27,15.29,-0.11517783736778836,-0.5758891868389417,18.486187126759233,-1.8451489546319695
412,26.0,15.29,13.05,80.97,412,80.97,15.29,-0.11569515959787113,-0.5784757979893557,18.434443789196553,-1.8534364567578956
413,26.0,15.21,13.12,81.57,413,81.57,15.21,-0.11466009902962714,-0.5733004951481356,18.640059298442274,-1.8368547864546267
414,26.0,15.27,13.0,80.82,414,80.82,15.27,-0.11595366023984864,-0.5797683011992432,18.433827812609806,-1.857577637042375
415,26.0,15.43,12.91,79.81,415,79.81,15.43,-0.11769129630848735,-0.5884564815424367,18.061672874020054,-1.8854145668619673
416,26.0,15.22,13.19,81.85,416,81.85,15.22,-0.11417651368017066,-0.5708825684008533,18.675838906651524,-1.829107749156334
417,26.0,15.58,12.79,78.75,417,78.75,15.58,-0.11950903220161285,-0.5975451610080642,17.701523899573964,-1.914534695869838
418,26.0,15.67,12.65,77.85,418,77.85,15.67,-0.1210471759821306,-0.605235879910653,17.44526697956201,-1.9391757592337322
419,26.0,15.52,12.82,79.11,419,79.11,15.52,-0.11889240559841213,-0.5944620279920606,17.833832575988612,-1.9046563376865624
420,26.0,15.51,12.87,79.37,420,79.37,15.51,-0.11844659891188576,-0.5922329945594288,17.88978984201332,-1.8975145145684098
421,26.0,15.36,12.93,80.17,421,80.17,15.36,-0.11707254341796183,-0.5853627170898091,18.209411449830025,-1.8755021455557486
422,26.0,15.39,12.88,79.83,422,79.83,15.39,-0.11765693924534551,-0.5882846962267275,18.11421154292369,-1.884864166710435
423,26.0,15.26,13.03,80.99,423,80.99,15.26,-0.11566068467919921,-0.578303423395996,18.475837711996547,-1.8528841685607713
424,26.0,15.09,13.27,82.64,424,82.64,15.09,-0.11281032481718696,-0.5640516240859348,18.98289705125174,-1.807221403571335
425,26.0,15.33,13.03,80.74,425,80.74,15.33,-0.11609148265177194,-0.5804574132588597,18.34456770509691,-1.8597855520813864
426,26.0,15.27,13.07,81.12,426,81.12,15.27,-0.11543655138302711,-0.5771827569151355,18.485620723240068,-1.8492935531560941
427,26.0,15.21,13.17,81.78,427,81.78,15.21,-0.11429744220907903,-0.5714872110453951,18.67653252738331,-1.831045024189446
428,26.0,15.37,13.07,80.76,428,80.76,15.37,-0.11605702997934345,-0.5802851498967172,18.298032770303365,-1.859233620269082
429,26.0,15.28,13.06,81.05,429,81.05,15.28,-0.11555724849074572,-0.5777862424537286,18.46087621828698,-1.8512271208217463
430,26.0,15.15,13.24,82.31,430,82.31,15.15,-0.1133813224181774,-0.566906612090887,18.84650700816735,-1.8163687851392019
431,26.0,15.41,12.93,80.01,431,80.01,15.41,-0.11734762936450976,-0.5867381468225488,18.12029635976731,-1.8799090224194464
432,26.0,15.13,13.19,82.16,432,82.16,15.13,-0.11364072117799884,-0.5682036058899942,18.84636366984859,-1.8205243532715414
433,26.0,15.14,13.13,81.85,433,81.85,15.14,-0.11417651368017066,-0.5708825684008533,18.77918129949373,-1.829107749156334
434,26.0,15.31,13.08,81.0,434,81.0,15.31,-0.1156434465040231,-0.5782172325201155,18.414403026881132,-1.85260801299445
435,26.0,15.2,13.14,81.7,435,81.7,15.2,-0.11443562010009732,-0.5721781005004866,18.675491065077626,-1.833258634003559
436,26.0,15.21,13.0,81.04,436,81.04,15.21,-0.11557448904330361,-0.577872445216518,18.548096995734678,-1.8515033144737238
437,26.0,15.27,13.05,81.03,437,81.03,15.27,-0.11559172912143548,-0.5779586456071774,18.470078334763894,-1.8517795005253963
438,26.0,15.19,13.1,81.57,438,81.57,15.19,-0.11466009902962714,-0.5733004951481356,18.665756672042676,-1.8368547864546267
439,26.0,15.36,12.98,80.39,439,80.39,15.36,-0.11669408329477804,-0.5834704164738902,18.2470850513176,-1.8694392143823442
440,26.0,15.19,13.14,81.74,440,81.74,15.19,-0.11436653465562543,-0.5718326732781271,18.695321817723705,-1.8321518851831193
441,26.0,15.19,13.22,82.06,441,82.06,15.19,-0.11381360185428005,-0.5690680092714002,18.751008202964375,-1.8232939017055663
442,26.0,15.08,13.26,82.63,442,82.63,15.08,-0.11282763411398467,-0.5641381705699233,18.994325049079986,-1.8074986985060344
443,26.0,15.58,12.77,78.68,443,78.68,15.58,-0.1196288431387544,-0.598144215693772,17.68977352672644,-1.9164540670828454
444,26.0,15.39,12.92,80.01,444,80.01,15.39,-0.11734762936450976,-0.5867381468225488,18.14493881376464,-1.8799090224194464
445,26.0,15.26,13.05,81.1,445,81.1,15.26,-0.11547103862994684,-0.5773551931497342,18.494845429490837,-1.8498460388517484
446,26.0,15.45,12.87,79.56,446,79.56,15.45,-0.11812057636271374,-0.5906028818135687,17.994737692918683,-1.892291633330674
447,26.0,15.46,12.88,79.58,447,79.58,15.46,-0.11808624654576201,-0.59043123272881,17.98595384350908,-1.8917416696631073
448,26.0,14.97,13.34,83.39,448,83.39,14.97,-0.11151105249959872,-0.5575552624979936,19.275192964579574,-1.7864070610435714
449,26.0,15.27,13.06,81.08,449,81.08,15.27,-0.11550552399176739,-0.577527619958837,18.478712521778622,-1.8503984943481135
450,26.0,15.31,13.05,80.9,450,80.9,15.31,-0.11581580672544836,-0.5790790336272418,18.397186874143735,-1.8553692237416828
451,26.0,15.41,12.96,80.12,451,80.12,15.41,-0.1171585221787203,-0.5857926108936015,18.139057015532927,-1.8768795253030992
452,26.0,15.28,13.04,80.94,452,80.94,15.28,-0.11574686838880216,-0.5787343419440107,18.441897161436547,-1.8542648315886106
453,26.0,15.42,13.01,80.31,453,80.31,15.42,-0.11683173392897968,-0.5841586696448984,18.159145599722684,-1.8716443775422544
454,26.0,15.26,13.03,80.99,454,80.99,15.26,-0.11566068467919921,-0.578303423395996,18.475837711996547,-1.8528841685607713
455,26.0,15.35,13.04,80.71,455,80.71,15.35,-0.11614315798279347,-0.5807157899139673,18.314405122665868,-1.8606133908843514
456,26.0,15.4,12.92,79.99,456,79.99,15.4,-0.1173820056399137,-0.5869100281995685,18.129196564720193,-1.8804597303514174
457,26.0,15.24,13.1,81.34,457,81.34,15.24,-0.11505706845235078,-0.5752853422617539,18.561803516681547,-1.8432142366066595
458,26.0,15.33,13.06,80.84,458,80.84,15.33,-0.11591919976660865,-0.5795959988330432,18.36175263539203,-1.8570255802610705
459,26.0,15.34,12.98,80.48,459,80.48,15.34,-0.11653918744206478,-0.5826959372103239,18.28742431003315,-1.8669577828218777
460,26.0,15.37,13.0,80.45,460,80.45,15.37,-0.11659082394615608,-0.5829541197307804,18.244932727957465,-1.8677849996174203
461,26.0,15.18,13.16,81.83,461,81.83,15.18,-0.11421106685553067,-0.5710553342776533,18.723885541662362,-1.8296612910256014
462,26.0,15.35,12.97,80.38,462,80.38,15.35,-0.116711291409415,-0.5835564570470749,18.257812038477564,-1.8697148883788282
463,26.0,15.6,12.74,78.48,463,78.48,15.6,-0.1199709980514407,-0.5998549902572035,17.632542454789647,-1.9219353887840798
464,26.0,15.3,13.01,80.74,464,80.74,15.3,-0.11609148265177194,-0.5804574132588597,18.382218428414422,-1.8597855520813864
465,26.0,15.54,12.68,78.45,465,78.45,15.54,-0.12002230040208446,-0.6001115020104223,17.698711742161652,-1.922757252441393
466,26.0,15.35,12.99,80.46,466,80.46,15.35,-0.11657361228281199,-0.5828680614140599,18.271526574601854,-1.867509268770648
467,26.0,15.5,12.8,79.1,467,79.1,15.5,-0.11890954429898914,-0.5945477214949457,17.856216158640063,-1.904930899669806
468,26.0,15.36,12.98,80.37,468,80.37,15.36,-0.11672849901499688,-0.5836424950749843,18.243659157679122,-1.86999055422025
469,26.0,15.53,12.83,79.13,469,79.13,15.53,-0.11885812647129344,-0.5942906323564672,17.825193313321403,-1.9041071860701209
470,26.0,15.37,12.99,80.43,470,80.43,15.37,-0.1166252457561638,-0.583126228780819,18.241508561176513,-1.868336437013744
471,26.0,15.32,13.02,80.74,471,80.74,15.32,-0.11609148265177194,-0.5804574132588597,18.357100831532797,-1.8597855520813864
472,26.0,15.36,13.03,80.61,472,80.61,15.36,-0.11631537704296142,-0.5815768852148071,18.284783153542396,-1.863372340228242
473,26.0,15.39,12.93,80.07,473,80.07,15.39,-0.11724448787251776,-0.5862224393625888,18.15518503205813,-1.8782566957177345
474,26.0,15.57,12.75,78.63,474,78.63,15.57,-0.11971440445213521,-0.5985720222606761,17.69326011244687,-1.917824759323206
475,26.0,15.44,12.83,79.45,475,79.45,15.44,-0.11830935077692693,-0.5915467538846346,17.98824266185694,-1.8953157994463694
476,26.0,15.42,12.85,79.63,476,79.63,15.42,-0.11800041237110866,-0.5900020618555433,18.043283816210202,-1.8903666061851607
477,26.0,15.47,12.8,79.22,477,79.22,15.47,-0.1187038420242254,-0.593519210121127,17.912769075447876,-1.901635549228091
478,26.0,15.48,12.82,79.25,478,79.25,15.48,-0.11865240360087347,-0.5932620180043673,17.90574168764559,-1.9008115056859929
479,26.0,15.45,12.82,79.35,479,79.35,15.45,-0.11848090533692156,-0.5924045266846077,17.959087561395506,-1.8980641034974832
480,26.0,15.3,13.02,80.79,480,80.79,15.3,-0.1160053473035744,-0.580026736517872,18.390827919740897,-1.8584056638032618
481,26.0,15.52,12.72,78.68,481,78.68,15.52,-0.1196288431387544,-0.598144215693772,17.76131488924813,-1.9164540670828454
482,26.0,15.47,12.87,79.51,482,79.51,15.47,-0.1182063912362179,-0.5910319561810895,17.961919157785356,-1.8936663876042108
483,26.0,15.44,12.87,79.63,483,79.63,15.44,-0.11800041237110866,-0.5900020618555433,18.018829040601197,-1.8903666061851607
484,26.0,15.4,12.91,79.97,484,79.97,15.4,-0.11741637979737299,-0.5870818989868649,18.125784108792672,-1.8810104043539153
485,26.0,15.53,12.88,79.35,485,79.35,15.53,-0.11848090533692156,-0.5924045266846077,17.862313607547485,-1.8980641034974832
486,26.0,15.46,12.93,79.81,486,79.81,15.46,-0.11769129630848735,-0.5884564815424367,18.025002879677157,-1.8854145668619673
487,26.0,15.59,12.71,78.38,487,78.38,15.59,-0.12014198451561844,-0.6007099225780922,17.62761363804296,-1.9246745919402075
488,26.0,15.52,12.8,79.03,488,79.03,15.52,-0.11902949904529986,-0.5951474952264992,17.820332857287475,-1.9068525747057037
489,26.0,15.58,12.69,78.33,489,78.33,15.58,-0.12022745477176172,-0.6011372738588086,17.631065114568784,-1.9260438254436227
490,26.0,15.61,12.63,77.96,490,77.96,15.61,-0.12085945159436039,-0.6042972579718019,17.533769648502922,-1.9361684145416533
491,26.0,15.36,12.91,80.07,491,80.07,15.36,-0.11724448787251776,-0.5862224393625888,18.19229533517984,-1.8782566957177345
492,26.0,15.39,12.95,80.17,492,80.17,15.39,-0.11707254341796183,-0.5853627170898091,18.172266231696703,-1.8755021455557486
493,26.0,15.56,12.73,78.58,493,78.58,15.56,-0.11979995075213945,-0.5989997537606973,17.69675282928575,-1.919195211049274
494,26.0,15.57,12.73,78.52,494,78.52,15.57,-0.11990258640276093,-0.5995129320138046,17.674791902655787,-1.92083943417223
495,26.0,15.32,12.97,80.48,495,80.48,15.32,-0.11653918744206478,-0.5826959372103239,18.312412515316296,-1.8669577828218777
496,26.0,15.3,12.94,80.42,496,80.42,15.3,-0.11664245590177891,-0.5832122795088945,18.327146968017274,-1.868612143546498
497,26.0,15.46,12.86,79.51,497,79.51,15.46,-0.1182063912362179,-0.5910319561810895,17.974075044814366,-1.8936663876042108
498,26.0,15.38,12.93,80.12,498,80.12,15.38,-0.1171585221787203,-0.5857926108936015,18.176084094040498,-1.8768795253030992
499,26.0,15.55,12.79,78.89,499,78.89,15.55,-0.11926932314718841,-0.596346615735942,17.760802985378245,-1.9106945568179583
